{
    "name_model": "Linear Regression",
    "pca_dimension": 3,
    "metrics": {
        "mse": 65467184.538348086,
        "r2": 0.007518735181128851
    },
    "params": {
        "params_N": [
            3419.084370814196,
            5.090350425206828,
            -35.67450788282464,
            -34.23387607864851
        ],
        "params_P": [
            4430.698529105207,
            4.052942321660521,
            -6.031269100627042,
            10.563858619993843
        ],
        "params_K": [
            38876.265589872426,
            -48.2947360759141,
            137.50724385484344,
            31.666838359868603
        ]
    },
    "filepath": "D:\\regression-ml\\MPAP\\Result\\Linear_Regression_pca_3.json"
}