{
    "name_model": "Linear Regression",
    "pca_dimension": 7,
    "metrics": {
        "mse": 69446830.07594623,
        "r2": 0.009489120810182827
    },
    "params": {
        "intercept": [
            4437.863961731571,
            3418.240084701364,
            38887.037905483725
        ],
        "coef": [
            [
                3.7736805002371825,
                -3.7678565026748814,
                5.597724118300934,
                -0.1055360904568059,
                -65.25821053927415,
                73.8102289759736,
                90.19484937115656
            ],
            [
                5.578895276505348,
                -38.20608996555421,
                -33.65809720632844,
                25.010155716731735,
                117.77657443296802,
                68.91731304012401,
                -102.57573096926983
            ],
            [
                -48.965448465624625,
                126.14581806874477,
                26.094221686802086,
                236.0134987896345,
                320.81923519743356,
                -481.2487162635464,
                525.3890179509311
            ]
        ]
    },
    "filepath": "D:\\regression-ml\\MPAP\\Result\\Linear Regression7.json"
}